{"IcoMoonType":"selection","icons":[{"icon":{"paths":["M394.644 512l388.191-386.067c29-28.812 29-75.52 0-104.328-28.996-28.808-76.014-28.808-105.015 0l-436.913 434.528c-15.454 15.352-22.409 35.771-21.392 55.868-1.017 20.101 5.938 40.517 21.392 55.872l436.913 434.523c29 28.812 76.014 28.812 105.015 0 29-28.808 29-75.516 0-104.32l-388.191-386.076z"],"attrs":[{}],"isMulticolor":false,"isMulticolor2":false,"grid":0,"tags":["left"]},"attrs":[{}],"properties":{"order":4,"id":2,"name":"left","prevSize":32,"code":59648},"setIdx":0,"setId":3,"iconIdx":0},{"icon":{"paths":["M783.096 456.132l-436.917-434.523c-28.996-28.812-76.014-28.812-105.010 0-29 28.808-29 75.512 0 104.32l388.191 386.072-388.191 386.067c-29 28.808-29 75.516 0 104.324 28.996 28.808 76.014 28.808 105.010 0l436.917-434.519c15.454-15.352 22.409-35.771 21.392-55.872 1.017-20.101-5.938-40.517-21.392-55.868z"],"attrs":[{}],"isMulticolor":false,"isMulticolor2":false,"grid":0,"tags":["right"]},"attrs":[{}],"properties":{"order":3,"id":1,"name":"right","prevSize":32,"code":59649},"setIdx":0,"setId":3,"iconIdx":1},{"icon":{"paths":["M511.999 25.058l158.198 320.582 353.803 51.406-256.001 249.537 60.415 352.358-316.416-166.358-316.435 166.358 60.437-352.358-256.001-249.537 353.781-51.406z"],"attrs":[],"isMulticolor":false,"isMulticolor2":false,"grid":0,"tags":["star"],"colorPermutations":{}},"attrs":[],"properties":{"order":2,"id":0,"name":"star","prevSize":32,"code":59650},"setIdx":0,"setId":3,"iconIdx":2}],"height":1024,"metadata":{"name":"icomoon"},"preferences":{"showGlyphs":true,"showQuickUse":true,"showQuickUse2":true,"showSVGs":true,"fontPref":{"prefix":"icon-","metadata":{"fontFamily":"icomoon"},"metrics":{"emSize":1024,"baseline":6.25,"whitespace":50},"embed":false},"imagePref":{"prefix":"icon-","png":true,"useClassSelector":true,"color":0,"bgColor":16777215,"classSelector":".icon"},"historySize":50,"showCodes":true,"gridSize":16}}